Date,Open,High,Low,Close,Volume
1/1/13,15194.55,15302.9,15194.55,15259.2,9170048
1/2/13,15283.1,15357.25,15197.15,15225.45,19296263
1/3/13,15253.25,15294.5,15140.55,15172.25,13899352
1/4/13,15216.4,15218.65,15047.45,15134.35,12282186
1/7/13,15182.55,15192.6,14938.05,14966.9,15706002
1/8/13,14956.95,15163.65,14954.85,15148.6,18399966
1/9/13,15124.35,15166.75,14891.25,14918.85,16372138
1/10/13,14938.15,14993.3,14874.85,14947.6,15571061
1/11/13,14914.35,14935.15,14527.1,14582.75,17624488
1/14/13,14597.1,14762.6,14583.5,14737.55,15068745
1/15/13,14745.6,14917.75,14627.35,14852.35,20748943
1/16/13,14880.4,14887.65,14755.8,14815.3,16360899
1/17/13,14778.65,14870.3,14755,14806,16677878
1/18/13,14853.35,14900.55,14763.5,14818.85,26777806
1/21/13,14860.85,15009.65,14785.55,14992.15,24488070
1/22/13,14989.05,14992.05,14698.5,14802.95,27665840
1/23/13,14654.75,14822.75,14635.1,14785.15,33257617
1/24/13,14785.55,14968.45,14785.55,14910.15,22462556
1/25/13,14952.4,15070.6,14916.1,15056.6,23144947
1/28/13,15061.05,15092.45,15008.2,15082.75,14735351
1/29/13,15023.5,15201.25,15013.35,15166.1,19343692
1/30/13,15161.8,15256.3,15037.85,15176.45,16380832
1/31/13,15194.35,15311.5,15110.8,15265.35,23965006
2/1/13,15262.35,15316.25,15168,15302.6,16998400
2/4/13,15309.25,15363.95,15210.4,15257.7,16527458
2/5/13,15181.25,15193.95,15053.95,15069.75,18864803
2/6/13,15100.8,15168.45,15009.7,15133.25,22949312
2/7/13,15070.35,15158.55,15048.65,15119.15,17872442
2/8/13,15056.05,15168.5,14940.65,14989.55,14970191
2/11/13,15037.4,15059.3,14842.55,14950.15,11873440
2/12/13,14915.55,15022.25,14915.55,14997.8,11658788
2/13/13,15024.7,15088.95,14900.6,14916.05,16818168
2/14/13,14907.55,15000.35,14872.85,14977.05,19573796
2/15/13,14936.6,15028.95,14933.65,14978.8,13120492
2/18/13,14975.6,15055.75,14959.2,15036,15119480
2/19/13,15037.05,15173.85,15010.9,15150.9,11904929
2/20/13,15189.85,15254.55,15055.8,15089.15,18385094
2/21/13,15068.9,15086.5,14848.25,14882.9,20974226
2/22/13,14859.25,14908.25,14635.65,14665.25,16915670
2/25/13,14694.15,14724.25,14555.9,14634.85,13136816
2/26/13,14643.65,14806.2,14481.8,14545.6,15470169
2/27/13,14590.9,14759.4,14590.9,14669.85,18871637
2/28/13,14711,14953.3,14546.7,14594.25,48828729
3/1/13,14620.9,14759.95,14520.4,14631.45,23354014
3/4/13,14618.4,14625.35,14374.65,14580.6,16639431
3/5/13,14624.15,14773.2,14573,14703.1,20030653
3/6/13,14796.95,14796.95,14493.4,14516.2,19853465
3/7/13,14481.45,14707.6,14447.7,14645.15,19774464
3/8/13,14712.8,14930.55,14671.75,14891.25,18110994
3/11/13,14900.8,14995.95,14881.9,14915.6,11871707
3/12/13,14902.2,15023.25,14869.35,14981.2,12506997
3/13/13,14954.75,15112.4,14954.75,15052.15,15629140
3/14/13,15048.7,15176.15,14980.7,15117.1,16471299
3/15/13,15131.45,15196.35,15101.8,15127.3,21404702
3/18/13,15077,15270.7,15077,15245.8,12202834
3/19/13,15342.75,15342.75,15139.2,15200.65,21677745
3/20/13,15163.85,15292.55,15163.85,15257.25,19507366
3/21/13,15259.75,15304.6,15120.95,15145.35,19742587
3/22/13,15188.7,15202.5,15097.4,15128.05,12107980
3/25/13,15165.15,15241.8,15028.45,15054.15,14817260
3/26/13,15078.05,15264.25,15052.7,15240.2,12994879
3/28/13,15269.35,15355.4,15147.75,15321.9,22701805
4/1/13,15310.3,15354.65,15254.9,15323.75,8219765
4/2/13,15297.15,15363.45,15210.25,15321.9,12025304
4/3/13,15282.05,15335.95,15201.8,15289.75,13753516
4/4/13,15239.2,15281.9,15018.45,15051.3,11008685
4/5/13,15042.1,15042.1,14781.1,14826.6,18719338
4/8/13,14852.35,14977.95,14704.55,14945.6,13568966
4/9/13,14980.8,15060.1,14662.5,14717.5,15339621
4/10/13,14839.35,14839.35,14481.65,14634.25,16205212
4/11/13,14752.2,14785.2,14611.9,14697.35,17694650
4/12/13,14732.85,15053.45,14716.9,14977.75,15197012
4/15/13,14968.5,15186.1,14868,15162.05,14505687
4/16/13,15140.3,15473.7,15099.4,15455.7,14454353
4/17/13,15435.05,15707.25,15435.05,15649.6,21930156
4/18/13,15593.45,15777.55,15571.45,15710.35,20099268
4/22/13,15680.2,15805.55,15673.55,15788.65,12556687
4/23/13,15799.85,15799.85,15682.4,15769.1,8393490
4/25/13,15731.55,15926.3,15686.95,15861.65,23391381
4/26/13,15779.85,15846.3,15693.7,15751.1,12952821
4/29/13,15724.7,16141.1,15721.25,16115.3,21758267
4/30/13,16458.45,17050.2,16458.45,16815.95,43660064
5/2/13,16769.4,17037.3,16718.15,16988.4,24187709
5/3/13,16967.3,16985.7,16846.95,16903.65,18463121
5/6/13,16868.15,16943.6,16741.55,16779.55,9836009
5/7/13,16792.3,17146.2,16792.3,17119.6,15702876
5/8/13,17158.6,17395.95,17116.9,17337.25,13128084
5/9/13,17384.25,17436.5,17307.2,17347.2,13047855
5/10/13,17322.4,17653.85,17281.65,17625.85,13375433
5/13/13,17659.2,17659.2,17099.2,17133.75,19219448
5/14/13,17216.35,17263.95,17064.45,17124.5,13898733
5/15/13,17201.6,17429.55,17147.2,17380.3,19154345
5/16/13,17316.05,17424.35,17079.6,17233.1,17493641
5/17/13,17275.1,17404.45,17166.45,17236.9,25485709
5/20/13,17240.4,17450.85,17128,17152.85,13323568
5/21/13,17136.8,17194.35,16990.6,17057.75,11619065
5/22/13,17015.7,17265.35,17015.7,17220.35,13803429
5/23/13,17137.7,17214.7,16998.4,17070.15,13647450
5/24/13,17138.05,17171.55,17000.85,17093.8,13478193
5/27/13,17126.6,17298.7,17116.2,17293.25,13732230
5/28/13,17265.95,17498.65,17214.4,17424.3,17727558
5/29/13,17460.25,17559.75,17359.05,17547.45,13054384
5/30/13,17524.45,17925.45,17515.65,17884.55,27407053
5/31/13,17792.4,17792.4,17468.2,17509.05,18502285
6/3/13,17512.4,17528.4,17302.5,17412.75,11720455
6/4/13,17405.85,17542.9,17405.85,17485.25,14285691
6/5/13,17419.2,17449.65,17277.05,17394.7,12403203
6/6/13,17366.35,17452.75,17255.65,17378,11385215
6/7/13,17340.05,17494.65,17280.35,17315.1,9908609
6/10/13,17341.05,17421.1,17314.55,17373.35,13229195
6/11/13,17294.2,17361.45,17213.65,17251.95,14151076
6/12/13,17214,17230.5,16967.5,17066.9,16065744
6/13/13,16948.7,16994,16783.7,16872.2,16223785
6/14/13,16965.2,17056.8,16902.5,17037.75,15481381
6/17/13,17081.9,17143.7,16887.35,17123.05,8510140
6/18/13,17091.4,17139.75,17017.35,17063.25,12543663
6/19/13,17044.85,17086.45,16971.25,17061.2,13135406
6/20/13,16963.4,16963.7,16638.8,16747.2,21067998
6/21/13,16716.2,16821.55,16594.6,16696.35,19370206
6/24/13,16628.55,16703.8,16242.55,16341.8,23220182
6/25/13,16392.25,16509.8,16180.1,16425.25,20135074
6/26/13,16497.4,16671.7,16410.05,16567.1,20357213
6/27/13,16689.85,16727.4,16412.2,16564.45,39948769
6/28/13,16613.5,16821.1,16586.35,16688.2,32591209
7/1/13,16715.95,16988.05,16662.75,16965.15,24740222
7/2/13,16949.45,16969.8,16842.75,16938.75,17562136
7/3/13,16870.65,17032.75,16765.05,16998.95,16092795
7/4/13,17022.25,17512.45,17022.25,17489.95,17396804
7/5/13,17737.55,17840.8,17603.95,17636.35,16485353
7/8/13,17573.1,17821.7,17476.3,17748.3,11972461
7/9/13,17729.35,17833.75,17729.1,17782.5,11263761
7/10/13,17806.7,17806.7,17565.65,17666.25,12245618
7/11/13,17888,17978,17716.25,17953.7,11365236
7/12/13,17964.1,17964.1,17764.75,17874.75,10385152
7/15/13,17918.45,18087.1,17824.8,18067.35,14226217
7/16/13,17894.75,18427.55,17894.75,18362.1,13537711
7/17/13,18396.1,19111.75,18396.1,19001.15,42766988
7/18/13,19008.8,19290.2,18950.3,19133.55,27698596
7/19/13,19179.85,19306.05,19035.25,19100.85,19280481
7/22/13,19032.5,19178.6,19032.5,19105.1,12468453
7/23/13,19174.05,19432.95,19162.3,19407.85,15983360
7/24/13,19381.25,19539.4,19106.15,19344.2,18584425
7/25/13,19277.9,19322.6,18562.75,18685.8,26274463
7/26/13,18717.65,18868.15,18276.95,18743.35,29597677
7/29/13,18621.25,18657.75,18136.75,18258.85,20496437
7/30/13,18173.7,18247.45,17846.75,17898,16961590
7/31/13,17848.5,17923.65,17334.45,17480.95,26899104
8/1/13,17502.25,17868.65,17351.25,17435.15,21104363
8/2/13,17492.45,17558.25,16983.35,17148.15,16000935
8/5/13,17191.65,17459.35,17127.55,17262.45,11663216
8/6/13,17235.85,17251.8,16911.1,16950.4,14738007
8/7/13,16979.9,16995.5,16510.7,16687.1,16096135
8/8/13,16688.8,16846.3,16626.05,16797.4,11749809
8/12/13,16953,17258.25,16825.65,17198.95,20846631
8/13/13,17229.4,17351,17174.5,17325.35,19422662
8/14/13,17294.95,17424.15,17173.75,17353.7,12278622
8/16/13,17305.2,17444.4,16588.45,16684.65,21710726
8/19/13,16675.4,16675.4,16137.35,16313.35,17745034
8/20/13,16206.1,16569.4,15884.05,16336.95,21430604
8/21/13,16533.7,16562.55,15648.95,15805,22125688
8/22/13,15779.1,16124.6,15463.55,16050.8,24067378
8/23/13,16115.4,16225.1,15870.6,16176.45,20013518
8/26/13,16262.6,16375,16138.2,16210.35,13525229
8/27/13,16140.5,16140.5,15557.95,15766,20578745
8/28/13,15660.85,15887.45,15196.9,15703.5,27304380
8/29/13,15767.3,16159.7,15633.95,16059.25,21301236
8/30/13,16072.1,16391.65,15896.7,16283.05,20995005
9/2/13,16343.45,16944.55,16343.45,16828.35,15580488
9/3/13,16883.45,16964.05,15900.5,16048.75,21064940
9/4/13,16185.15,16187.3,15879.05,16126.4,23079983
9/5/13,16410.5,16748.15,16410.5,16606.3,15979004
9/6/13,16646.8,16773.8,16455.45,16678.45,12165327
9/10/13,16845.05,17646.15,16845.05,17576.3,20090754
9/11/13,17566.6,17595,17257.3,17376.9,15613099
9/12/13,17452,17582.95,17276.3,17506,16527913
9/13/13,17544.05,17622.65,17255.35,17306.4,12949220
9/16/13,17478.55,17635.4,17249.2,17382.35,13112909
9/17/13,17292.75,17537.75,17246.7,17499.5,8503232
9/18/13,17556.8,17799.1,17547.1,17748.9,10734609
9/19/13,18013.15,18378.3,18013.15,18316.4,19550473
9/20/13,18274.15,18319.8,17899.45,18149.7,15017851
9/23/13,17966.7,18253.65,17771.15,17907.95,10636727
9/24/13,17803.6,18103.8,17803.6,17905.95,15007929
9/25/13,17928.9,17951.35,17494.65,17726.1,13770775
9/26/13,17695.25,17870.8,17600,17833.8,15674220
9/27/13,17898.15,18008.75,17733.8,17872.8,14274379
9/30/13,17788.9,17834.25,17564.6,17637.4,12504491
10/1/13,17656.55,17691.75,17449.05,17667.1,11438533
10/3/13,17790.75,17790.75,17474.25,17533.7,19346158
10/4/13,17544.15,17660.5,17410.85,17572.75,12574600
10/7/13,17549,17636.55,17338.2,17602.65,12637370
10/8/13,17685.65,17850.35,17625.6,17793.75,12634184
10/9/13,17763.5,17908.25,17671,17839.15,13220303
10/10/13,17804.5,17973.8,17776.55,17833.6,11349207
10/11/13,17897.7,17952.45,17606.65,17673.95,8458641
10/14/13,17723.85,17723.85,17529.1,17558.5,7014410
10/15/13,17549.45,17648.3,17293.35,17545.7,10378023
10/17/13,17582.6,17806.65,17566.1,17722.45,12434668
10/18/13,17828.3,18139.3,17785.65,18091.4,14258801
10/21/13,18099.6,18108.15,17767.5,17839.5,13057101
10/22/13,17749.25,17880.45,17738.8,17795,10725505
10/23/13,17819.4,17886.45,17620.6,17842.8,15868090
10/24/13,17881.35,18109.15,17814.9,17889.4,17273764
10/25/13,17942.65,17998.2,17593.45,17723.95,17344105
10/28/13,17695.2,17705,17219.15,17268.9,23555777
10/29/13,17244.8,17485.35,17120.5,17363.95,19384619
10/30/13,17435.15,17583,17321.05,17568.2,17499570
10/31/13,17498.5,17663.95,17456.1,17617,20543133
11/1/13,17529.6,17618.7,17353.2,17385.8,14525700
11/3/13,17500.45,17539.35,17480.5,17496.45,2278100
11/5/13,17402.65,17429,17016.45,17040.25,20280021
11/6/13,17045.2,17136.35,16931.05,16949.75,12519567
11/7/13,16968.05,17141.7,16839.3,16904.25,13724143
11/8/13,16913.25,16978.4,16779.45,16835.5,11704362
11/11/13,16803.65,16852.3,16591.35,16614.35,13719639
11/12/13,16685.95,16797.65,16648.85,16727.1,11077990
11/13/13,16727.7,16735.5,16510.05,16543.4,21385579
11/14/13,16507.6,16726,16507.6,16596.55,12283177
11/18/13,16668.7,17093.2,16668.7,17059.65,18156116
11/19/13,17074.65,17088.95,16934.7,16976.9,12431121
11/20/13,16976.9,17055.5,16793.9,16823.15,17064192
11/21/13,16764.3,16780.55,16471.95,16509.75,15909753
11/22/13,16590.9,16653.95,16366.9,16414.8,14226306
11/25/13,16541.9,16794.65,16522.8,16763.55,12668962
11/26/13,16745.45,16770.3,16558.05,16606.4,31996638
11/27/13,16577.4,16773.65,16577.4,16732.45,12878019
11/28/13,16808.25,16857.1,16698.75,16765.85,17699810
11/29/13,16766.05,17044.5,16766.05,17004,10543683
12/2/13,17036.35,17098.75,16949.15,17013.5,8900581
12/3/13,17029.95,17029.95,16862.15,16886.8,11466945
12/4/13,16874.95,16891.85,16614.8,16643.3,10139518
12/5/13,16799.2,16857.4,16445.5,16469.45,17176829
12/6/13,16505.25,16594.3,16472.1,16505.45,16832607
12/9/13,16763.45,16784.85,16506.9,16571,13916971
12/10/13,16568.75,16752.8,16568.75,16724.15,19290833
12/11/13,16716.6,16858.45,16716.6,16829.15,13295271
12/12/13,16818.9,16880,16685.15,16714.15,10434322
12/13/13,16656.05,16706.45,16558.45,16622.95,10791364
12/16/13,16600.75,16636,16413.1,16501.85,9157370
12/17/13,16582.2,16631.65,16490.7,16612.2,11970703
12/18/13,16611.9,16704.45,16547.4,16675.2,14399220
12/19/13,16740.45,16763.2,16510.9,16617,13866063
12/20/13,16638.3,16775.85,16500.7,16750.7,20861106
12/23/13,16677.4,16861.7,16677.4,16811.35,13428928
12/24/13,16841.6,16867.95,16779.55,16811.95,10999201
12/26/13,16829.9,16937.15,16802.5,16853.65,25687784
12/27/13,16894.35,17021.8,16874.85,16975.75,11960781
12/30/13,16977.25,17067.2,16908.9,17020.15,9999317
12/31/13,17066.95,17080.1,16966.45,17024.1,8586311
1/1/14,17054.6,17109.1,17031.6,17050.45,4728252
1/2/14,17036.6,17159.15,16703,16719.6,9511053
1/3/14,16712.5,16807.4,16571.6,16768.4,13510892
1/6/14,16805.75,16851.25,16730.85,16816.5,10918784
1/7/14,16847.45,16892.25,16691.9,16801.2,9746172
1/8/14,16835.3,16871.55,16734.75,16837,10243378
1/9/14,16834.6,16834.6,16668.75,16745.35,9667467
1/10/14,16818.85,17072.9,16685.3,16969.7,12350696
1/13/14,17003.85,17088.2,16928.35,16990.75,10116347
1/14/14,17005.35,17147.75,16923.7,16942.75,10167889
1/15/14,16969.3,17108.3,16836.05,17087.1,11992199
1/16/14,17086.55,17158.6,16864.6,16942.05,309992832
1/17/14,16958.05,17022.2,16855.6,16923.85,13811184
1/20/14,16923.3,17137.45,16850.1,17122,12895114
1/21/14,17135.55,17192.7,17061.1,17088.5,12376017
1/22/14,17078,17088.85,16872.4,17074.05,22188993
1/23/14,17036.5,17158.2,16984.85,17113.85,15251648
1/24/14,17056.15,17143.25,16837.9,16886.45,12717539
1/27/14,16731.05,16880.65,16654.75,16826.7,15516954
1/28/14,16841.85,16942.3,16622.1,16899.85,20441923
1/29/14,16936.95,16996.7,16877.9,16904.9,13267162
1/30/14,16740,16797.75,16509.3,16763.35,21371669
1/31/14,16784.6,16876.95,16719.8,16861.2,13818649
2/3/14,16793.2,16879.25,16696.95,16709.9,11055830
2/4/14,16633.25,16871,16541.25,16849.75,17265284
2/5/14,16770.3,16829.2,16600.5,16679.4,13040723
2/6/14,16727.6,16952.25,16614.2,16925.75,15351569
2/7/14,17019.1,17019.1,16770.7,16852.75,13591078
2/10/14,16824.1,16907.05,16735.3,16827.55,9549489
2/11/14,16803.05,16873.4,16744.65,16803.9,10627671
2/12/14,16839.5,16867.45,16631.85,16663.2,13339321
2/13/14,16685.8,16768.1,16418.25,16479.5,7621048
2/14/14,16525.05,16599.95,16387.6,16575.35,8197130
2/17/14,16603.2,16650.45,16500.05,16569.5,6474257
2/18/14,16561,16648.4,16478.75,16505.65,8040572
2/19/14,16543.05,16586,16482.75,16500.7,6206033
2/20/14,16448.45,16495.6,16320,16336.1,8598733
2/21/14,16414.4,16567.6,16388.65,16556.35,9306377
2/24/14,16510.6,16648.3,16500.95,16630.2,5838546
2/25/14,16609.5,16732.7,16609.5,16688.6,6785676
2/26/14,16714.45,16904.8,16705.8,16867.8,14563464
2/28/14,16780.1,16996.6,16780.1,16845.7,14208519
3/3/14,16859.8,16932.1,16786.8,16837.05,11909769
3/4/14,16880.25,17047.9,16819.45,16969.8,12400040
3/5/14,17009.4,17065.45,16919.4,17038.9,9713693
3/6/14,17039.5,17102.65,16958.4,17084.45,10742252
3/7/14,17026.2,17232.75,16964.15,17190.55,19208656
3/10/14,17130.35,17188.75,17053.75,17116.05,12458850
3/11/14,17120.8,17158.45,16892.3,17074.55,11981924
3/12/14,17094,17385.15,17094,17299.35,13168689
3/13/14,17321.55,17508.7,17304.3,17352.05,8785744
3/14/14,17305.5,17448.95,17185.75,17416,9441730
3/18/14,17520.7,17797.25,17449.9,17752.9,13741452
3/19/14,17780.35,17957,17776.85,17945.7,11674604
3/20/14,17913.8,17935.15,17775.35,17888.4,12594350
3/21/14,17958.5,18033.3,17845.75,17993.3,16229083
3/22/14,17984.35,18028.55,17950.9,17996.7,675471
3/24/14,18000.4,18179.3,17978.8,18088.6,11671934
3/25/14,18041.15,18244.85,18041.15,18209.8,12087283
3/26/14,18224.6,18235.1,17924.55,18085.05,16031804
3/27/14,18093.15,18257.3,18010.5,18175.3,26499323
3/28/14,18250.25,18250.25,17979.7,18191.1,15941596
3/31/14,18230.35,18290.6,17939.35,18085.25,17187262
4/1/14,18119.2,18131.25,17856.45,18102.3,17785635
4/2/14,18153.6,18155.75,17676.6,17821.7,26819421
4/3/14,17816.95,17949.3,17693.55,17889.9,14264230
4/4/14,17940.35,17982.75,17780.55,17824.5,14598053
4/7/14,17824.55,17876.45,17611.55,17828.4,15979685
4/9/14,17848.15,18005.85,17751.95,17951.8,14657500
4/10/14,17969.95,17989.5,17816.85,17868.95,14558995
4/11/14,17809.25,17861,17735,17817.6,14492944
4/15/14,17898.25,17976.4,17664.15,17858.45,13092365
4/16/14,17874.4,18065.15,17874.4,17983.35,10873099
4/17/14,18023.25,18257.1,17906.85,18241.4,16703832
4/21/14,18214.25,18315.55,18058.35,18186.8,11781351
4/22/14,18180.5,18199.45,18041.35,18104.2,10812291
4/23/14,18151,18194.4,18036.25,18161.35,18417477
4/25/14,18186.95,18186.95,17752.5,17783.55,12577064
4/28/14,17842.5,17842.5,17615.5,17715.5,14397295
4/29/14,17678.2,17681.35,17529.65,17557.1,13164310
4/30/14,17565.15,17726.45,17465.6,17573.25,13978125
5/2/14,17611.05,17647.1,17517.95,17538.1,8490463
5/5/14,17538.5,17702.4,17538.5,17637.95,9159210
5/6/14,17685.85,17857.3,17683,17709.95,10465363
5/7/14,17705.5,17799.6,17606.4,17645.1,11296033
5/8/14,17655.65,17705.75,17447.75,17491.45,11864435
5/9/14,17511.3,17751.8,17469.8,17633.3,12383992
5/12/14,17626.85,18132.45,17626.85,18106.35,15237306
5/13/14,18158.75,18369.5,18126.6,18261.2,18839075
5/14/14,18288.9,18545,18272.5,18427,14803451
5/15/14,18433.5,18570.05,18393,18510.8,14252312
5/16/14,18629.5,19215.1,17976.3,18140.55,37477582
5/19/14,18306,18306,17389.45,17436.55,29531950
5/20/14,17577.65,17700.95,17356.4,17549.8,18399653
5/21/14,17533.5,17668.65,17516.95,17632.15,16814596
5/22/14,17723.15,17882.35,17622.7,17816.75,16369263
5/23/14,17941.65,17974,17672.3,17760.6,17642646
5/26/14,17879.95,17905.8,17639.3,17736.9,23795927
5/27/14,17748.3,17808.7,17661.7,17713.9,13800979
5/28/14,17750.3,17759.4,17633.65,17698.55,11719496
5/29/14,17759.9,17759.9,17554.6,17621.7,23643553
5/30/14,17699.1,17903.5,17628.15,17831.6,35280615
6/2/14,17872,17882.8,17617.6,17689.2,16354882
6/3/14,17600.95,17686,17502.5,17600.8,15611758
6/4/14,17580.3,17634.25,17451.95,17547.1,21317101
6/5/14,17553.95,17866.2,17437.9,17799.6,24726719
6/6/14,17887.4,18076.25,17849.35,18034.25,37367340
6/9/14,18098.25,18139.3,17955.45,18010.1,23982294
6/10/14,18050.2,18077.7,17870.95,18048.65,23853195
6/11/14,18110.05,18110.05,17759.1,17873.35,26428530
6/12/14,17913.5,17972.4,17817.2,17952.5,16981964
6/13/14,18053.5,18053.5,17812.1,17857.75,24263748
6/16/14,17929.05,17979.9,17862.8,17957.7,17845954
6/17/14,17931.2,17985.7,17859.1,17906.2,13141338
6/18/14,17900.2,17920.3,17718.05,17766.2,13815766
6/19/14,17833.35,17870.1,17763.75,17833.4,13406884
6/20/14,17811.5,17860.5,17751.1,17815.4,13093376
6/23/14,17824.8,17824.8,17029.15,17114.1,34203488
6/24/14,17103.45,17398.75,17103.45,17302.9,21605751
6/25/14,17254.65,17292.05,17178,17259.25,17804146
6/26/14,17232.65,17311.45,17118.3,17197.7,20303999
6/27/14,17204.7,17321.9,17161.25,17270.15,19420061
6/30/14,17305.15,17464.55,17305.15,17434,26224005
7/1/14,17517.55,17517.55,17407.2,17494.9,19425495
7/2/14,17569.6,17748.65,17529.75,17719.8,16539120
7/3/14,17740.8,17823.3,17720,17765.55,18625284
7/4/14,17806,17928,17716.85,17846.45,16008999
7/7/14,17869.3,17931.7,17724.6,17894.9,19197827
7/8/14,17883.6,17996.45,17712.55,17818.35,20679478
7/9/14,17849.35,18043.75,17808.6,17961.05,26913090
7/10/14,17921.35,18212.55,17773.85,18000.2,37317949
7/11/14,18082.35,18306.05,18029.15,18100.25,19609568
7/14/14,18160.5,18204.3,17941.25,18012.3,12682647
7/15/14,18051.8,18154.5,17958.65,17987.85,11977905
7/16/14,17980.1,18101.6,17939.1,18071.75,12845594
7/17/14,18046.8,18176.45,18039.45,18142.1,11367145
7/18/14,18085.75,18207.45,18040,18109.45,14088608
7/21/14,18151.85,18329.8,18133.8,18313.1,12829417
7/22/14,18344.75,18484.25,18333.85,18450.9,13397056
7/23/14,18493.4,18547.3,18357.05,18483.15,13406307
7/24/14,18498.35,18633.1,18451,18609.5,12683232
7/25/14,18625.9,18768.9,18520.85,18741.8,14797950
7/28/14,18652.05,18847,18549.1,18805.6,16504965
7/30/14,18896.25,19014.65,18812,18879.85,20785138
7/31/14,18828.5,18923.95,18707.75,18778.75,20653924
8/1/14,18724.5,18860.3,18521.2,18565.3,14202659
8/4/14,18721.05,18802.8,18619.1,18779.45,11049097
8/5/14,18816.2,18864.95,18577.4,18843.1,9494538
8/6/14,18773.4,18913.15,18507.2,18563.15,15156373
8/7/14,18576.75,18696.15,18460.45,18522.1,9891740
8/8/14,18450.7,18568.25,18386.6,18534.6,10040068
8/11/14,18620.55,18683.65,18457.8,18500.95,12217595
8/12/14,18604.45,18604.45,18361.25,18516.35,10609851
8/13/14,18598.2,18951.25,18563.55,18922.45,16830679
8/14/14,18934.5,19136.95,18891.1,18972.7,16257588
8/18/14,18934.35,18968.1,18712.7,18886.55,13719348
8/19/14,18889.2,19038.1,18866.45,18904.55,16904504
8/20/14,18999.05,18999.05,18734.05,18767.4,16210493
8/21/14,18748.65,18919.6,18748.65,18821.25,13792886
8/22/14,18835.1,18873.4,18627.55,18689.5,16182002
8/25/14,18801.3,18932.6,18686.2,18895.25,14924127
8/26/14,18932.15,19136.55,18926.25,19110.7,15295966
8/27/14,19170.4,19291.45,19124.65,19192.8,17413636
8/28/14,19192.55,19353.65,19158.6,19308.6,43396107
9/1/14,19399.25,19411.7,19150.25,19172.9,14439912
9/2/14,19177.8,19341,19113.85,19301.3,16508222
9/3/14,19327.6,19347.7,19154.2,19171.05,19791458
9/4/14,19166.75,19313.45,19133.05,19205.95,23041843
9/5/14,19207.1,19254.8,19104.75,19161.2,21313233
9/8/14,19250.35,19382.85,19191.25,19366.85,18921157
9/9/14,19269.85,19606.4,19269.85,19541.7,16388403
9/10/14,19478.1,19478.1,19222.75,19236.75,17492629
9/11/14,19244.5,19388,19244.5,19330.5,24253867
9/12/14,19316.25,19557.15,19314.7,19472.5,21956476
9/15/14,19450.75,19452.1,19286.4,19362.2,19117020
9/16/14,19348.15,19468.55,19308.15,19365.7,20970879
9/17/14,19416.85,19533.7,19367.6,19436.75,20149078
9/18/14,19429.3,19586.65,19387.65,19565.05,16820006
9/19/14,19554.75,19567.95,19369.25,19505.9,36735590
9/22/14,19477.05,19938.6,19400.2,19904.85,24613691
9/23/14,19892.25,20046.8,19779.05,19830.05,22000316
9/24/14,19839.85,20231.45,19839.85,20188.55,19582446
9/25/14,20217.55,20277.5,19978.65,20083.75,20767476
9/26/14,19974.65,20056.6,19800.9,19906.55,13645530
9/29/14,19850.15,19901.55,19636.75,19699.7,7603275
9/30/14,19626.65,19961.65,19591.7,19876.05,14837912
10/1/14,19853,19858.4,19604.5,19630.3,7293757
10/7/14,19577.55,19688.85,19385.85,19542.25,12883995
10/8/14,19531.25,19712.05,19530.4,19586.95,11172264
10/9/14,19587,19710.4,19540.75,19621.75,10080272
10/10/14,19544.75,19574,19058.6,19083.7,9242197
10/13/14,19046.55,19046.75,18829.55,18942.4,8562522
10/14/14,18947.8,19010.1,18745.35,18869.6,10762901
10/16/14,18760.6,19127.05,18720.95,18941.1,16311225
10/17/14,18934.15,19227.75,18926.55,19008.7,39905699
10/20/14,19109.4,19224.05,18996.1,19034.1,18141394
10/21/14,19047.85,19159.6,18934.25,19114.9,16738576
10/22/14,19184.7,19221.45,19080.25,19120.9,19446478
10/23/14,19183.45,19245.6,19172.45,19225.05,3964822
10/27/14,19290.45,19290.45,18927.1,18968.6,28176979
10/28/14,18984.05,18997.7,18893.9,18967.4,14979671
10/29/14,19089.5,19218.2,19004,19199.6,17553261
10/30/14,19152.25,19396.25,19109.65,19305.15,28963356
10/31/14,19372.7,19517.65,19274.75,19393.9,26365837
11/3/14,19450.7,19476.3,19308.65,19413.65,22169762
11/5/14,19406.8,19580.6,19406.8,19536.15,18983558
11/7/14,19518.55,19615.75,19387.1,19511.35,21390933
11/10/14,19527.5,20141.35,19527.4,20113.5,25447557
11/11/14,20085.5,20148.8,19841.1,19918.25,22055916
11/12/14,19931,20157.6,19931,20133.55,14881646
11/13/14,20190.5,20190.5,20031.9,20119.85,17145801
11/14/14,20121.4,20214.6,20070.65,20136.4,18982213
11/17/14,20145.6,20220.85,19978.85,20179.45,17659782
11/18/14,20141.95,20246.4,20068.75,20155.4,12004080
11/19/14,20155.55,20469,20061,20106.95,16998584
11/20/14,20140.95,20212.55,20087.4,20173.45,10052691
11/21/14,20171.5,20319.1,20139.4,20304.85,9887498
11/24/14,20181.1,20303.7,20181.1,20289.45,11725641
11/25/14,20268.25,20398.3,19424.95,19701.9,27309524
11/26/14,19786.25,20044.9,19767.35,19957.2,20148174
11/27/14,19917.45,20070.2,19742.1,19993.1,60132571
11/28/14,20029.05,20205.95,19962.75,20027.45,37911618
12/1/14,19993.1,20302.65,19993.1,20216.6,20812526
12/2/14,20226,20325.8,20209.05,20301,27206564
12/3/14,20327.6,20360.55,20043.7,20305.9,24665505
12/4/14,20618.4,21014.9,20618.4,20987.15,29057007
12/5/14,20964.85,21250.55,20964.85,21223.8,31038372
12/8/14,21289.25,21526.25,21266.95,21375.1,17411469
12/9/14,21389.4,21437.35,21086.95,21181.15,23604050
12/10/14,21226.95,21226.95,20943.2,21136.55,15869543
12/11/14,21128.2,21210.95,20978.95,21088.8,15304160
12/12/14,21092.35,21292.9,21009.7,21063.8,34310973
12/15/14,21000.4,21172.15,20829.1,20865.3,11388784
12/16/14,20723.6,20730.8,20158.15,20225.35,16182540
12/17/14,20077.95,20339.6,19817.45,19953.5,20939305
12/18/14,20236.3,20251.95,19767.6,20184.4,16543806
12/19/14,20271.25,20279.2,19896.8,19958.2,11858272
12/22/14,19994.15,20399,19990.85,20262.15,16621646
12/23/14,20272.5,20415.85,20222.5,20303.85,12244139
12/24/14,20301.25,20401.75,19981.25,20090.7,30288991
12/26/14,20129.75,20145.3,19873.15,19953.45,4835597
12/29/14,19943.75,20145.35,19943.75,20087,5622146
12/30/14,20107.65,20170.65,20007.05,20053.55,5105659
12/31/14,20083.65,20142.8,20066.7,20126.2,6872195
1/1/15,20085.95,20131.5,20018.1,20057.6,3630441
1/2/15,20065.8,20213.2,20065.8,20142.65,9841623
1/5/15,20176.25,20286.75,20138.75,20184.85,10142744
1/6/15,20169.7,20169.7,19817.9,19863.35,17725193
1/7/15,19784.05,20069.25,19748.8,19841.1,19260436
1/8/15,19947.85,20284.7,19947.85,20244.15,15353685
1/9/15,20295.1,20413.2,20088.3,20286.65,43734151
1/12/15,20332.6,20558.75,20318.2,20517.8,19208338
1/13/15,20563.45,20702.75,20464.8,20603,23630898
1/14/15,20628.45,20628.45,20202.5,20455.8,27649876
1/15/15,20733.1,20837.65,20545.75,20770,21661936
1/16/15,20837.15,21000,20709.2,20969.6,15101791
1/19/15,21009.6,21009.6,20678.8,20728.4,19171208
1/20/15,20749.1,21128.45,20644.55,21091.15,20300921
1/21/15,21176.3,21176.3,20524.45,20673.9,38516293
1/22/15,20696.5,20980.7,20574.15,20670.8,34327901
1/23/15,20801.1,20896.65,20686.65,20744.2,23572339
1/27/15,20767.35,21019.75,20750.8,20985.6,36493257
1/28/15,20963,21053.8,20888.15,21027.85,19748840
1/29/15,21035.9,21355.15,20939.9,21293.1,34065341
1/30/15,21303.1,21354.2,21018.05,21165.75,33025090
2/2/15,21095.35,21185.7,20797.6,20840.2,29793223
2/3/15,20886,21117.4,20886,21052.8,25840347
2/4/15,21132.35,21253.45,20910.35,20991.45,23690198
2/5/15,20976.8,21248,20909.25,21093.95,23024387
2/6/15,21011.3,21327.15,21010.7,21286.2,24439011
2/9/15,21187.55,21262.75,20957.75,20995.1,21288122
2/10/15,20975.9,21247.3,20956.65,21069.5,24262913
2/11/15,21143.3,21320.75,21020.8,21252.15,16737651
2/12/15,21331.75,21351.45,21023.05,21224.2,40549041
2/13/15,21284.4,21660,21278,21616.45,23514261
2/16/15,21606.7,22067.85,21606.7,22009,25405972
2/18/15,21846.45,22460.2,21846.45,22195.75,24182037
2/19/15,22220.2,22255.45,21759.4,21989.35,21404445
2/20/15,21937.85,22211.75,21816.25,22149.95,43706003
2/23/15,22150.85,22294.95,21870.15,21902.95,20012119
2/24/15,21982.8,22278.05,21885.1,22231.85,20594141
2/25/15,22333.8,22333.8,22132.65,22295.15,53335239
2/26/15,22260.75,22329.55,21946.8,22070.9,26324822
2/27/15,22057.8,22141.6,21691.9,22063.95,40767950
2/28/15,22102,22716.7,20702.6,21102.35,67568817
3/2/15,21025.15,21025.15,20539.2,20648.65,62596430
3/3/15,20689.1,20732.1,20540.35,20661.4,66761690
3/4/15,20814.3,21039.45,20702.95,20743.4,75284390
3/5/15,20819.7,21108.85,20795.15,21005.85,49035007
3/9/15,20893.7,20993.1,20809.55,20878.05,52147810
3/10/15,20968.25,20968.25,20722,20773.25,46880562
3/11/15,20848.3,20913.25,20717.7,20778.5,60394130
3/12/15,20817.8,21148.2,20805,21107.85,80852054
3/13/15,21190.05,21197.1,20624.7,20676.7,49888732
3/16/15,20733.65,20752.65,20417.45,20436.8,29599538
3/17/15,20611.7,20756.2,20538.25,20718.6,28734951
3/18/15,20777.4,20777.4,20540.35,20572.05,52973370
3/19/15,20719.35,20804.15,20341.55,20430.65,27303142
3/20/15,20453.75,20453.75,19966.6,19999.8,20399292
3/23/15,20007.65,20100.45,19948,19999.2,14131561
3/24/15,19973.55,20083.75,19917.45,19945,13358058
3/25/15,20016.25,20027.9,19926.5,19957.5,12614506
3/26/15,19908.2,20011.9,19637.55,19691.15,25192167
3/27/15,19839.45,19839.45,19362.2,19511,20957052
3/30/15,19642.65,19933.3,19641.9,19880.95,15604514
3/31/15,19937.1,19992.25,19766,19879.6,13854918
4/1/15,19887.5,20162.1,19839.25,20145.1,11155489
4/6/15,20062.95,20632,20062.95,20607.9,17805740
4/7/15,20647.5,20851.3,20518,20747.95,13359873
4/8/15,20813.6,21111.15,20809.1,21074.1,15445625
4/9/15,21133.8,21173.1,20976,21118.95,10121269
4/10/15,21137.95,21233.65,21008,21214.75,14411100
4/13/15,21238.65,21491.55,21147.6,21456.4,14965251
4/15/15,21533.85,21659.5,21419.9,21463.05,19970182
4/16/15,21406.95,21457.35,21105.05,21287.8,11115595
4/17/15,21330.45,21373.3,21249.05,21277.85,10711453
4/20/15,21298.65,21298.65,20624.25,20666.35,13439721
4/21/15,20665.6,20864.25,20399.1,20429.3,16615363
4/22/15,20441.85,20614.75,20253.4,20538.6,15507343
4/23/15,20575.4,20755.95,20340.95,20525.7,12311469
4/24/15,20544.8,20690.8,20474.45,20606.05,17359668
4/27/15,20617.2,20678.75,20183.7,20242.55,13826952
4/28/15,20212.65,20229.3,19840.9,20053.3,16983062
4/29/15,19979.7,19980.75,19694.15,19729.95,13513932
4/30/15,19729.8,19729.8,19429.75,19510.7,24803483
5/4/15,19606.65,19946.9,19498.55,19911.3,9871634
5/5/15,19861.7,19995.45,19770.5,19963.8,16490780
5/6/15,19960.2,20010.15,19405.55,19490.85,23167348
5/7/15,19492,19593.85,19341.25,19541.95,13696465
5/8/15,19708.1,19937.55,19643.1,19857.2,17828449
5/11/15,19967.5,19987.7,19712.65,19795.95,13766968
5/12/15,19845.1,19845.65,19537.05,19598.75,18621362
5/13/15,19737.85,19906.1,19483.7,19818.9,19550192
5/14/15,19806.75,19887.9,19622.25,19846.05,14568591
5/15/15,19890.15,20021.55,19871.8,19997.6,13993362
5/18/15,20044,20324.15,20001.85,20292.1,10168922
5/19/15,20262.6,20352.6,20190.3,20231.1,11331020
5/20/15,20265.55,20323.8,20195.35,20232.5,10338473
5/21/15,20302,20302,20025.95,20070.95,10557469
5/22/15,20193.15,20273.85,20083.25,20167.75,15181352
5/25/15,19964.8,19998.25,19747.35,19766.95,21156394
5/26/15,19826.95,19826.95,19615.7,19682.2,16469479
5/27/15,19660.25,19836.45,19623,19794.75,12250247
5/28/15,19831.35,19900.75,19722,19856.5,31620611
5/29/15,19901.75,20192.6,19801.9,20107.3,48035483
6/1/15,20033.8,20414.6,20033.8,20387.4,12818314
6/2/15,20304,20304,19676.35,19709.15,13549724
6/3/15,19584.3,19595.1,18975.4,19132,19858395
6/4/15,19177.65,19177.65,18925.4,19069.15,13270997
6/5/15,19070.5,19425.5,18905.3,19259.6,16791715
6/8/15,19364.85,19391.4,19011.4,19084,12933731
6/9/15,18979.65,19092.45,18921.45,18978.9,10602087
6/10/15,18994.5,19107.95,18930.55,19014.1,11089021
6/11/15,19073.3,19111.9,18769.75,18828.45,12818510
6/12/15,18813.15,18966.15,18740.5,18846.45,11040871
6/15/15,18833.05,19104.9,18731.6,18935.75,9782329
6/16/15,18932.85,18991.8,18759.35,18954.85,9399429
6/17/15,18978.65,19342.55,18971.1,19249.1,17152539
6/18/15,19262.35,19363.7,19206.45,19248.05,12661667
6/19/15,19258.3,19408.5,19240.45,19345.35,12061847
6/22/15,19423.7,19684.8,19380.7,19653.65,9466491
6/23/15,19686.55,19761.2,19570.3,19737.1,10066530
6/24/15,19777.3,20034,19716.65,19843.05,12939583
6/25/15,19726.8,19892.55,19690,19759.6,16618968
6/26/15,19765.35,19781.5,19638.95,19695.65,8992846
6/29/15,19470.15,19786.35,19445.05,19755.55,11795273
6/30/15,19806.55,20182.4,19806.55,20155.75,20225627
7/1/15,20170.7,20228,20034.25,20093.9,13411023
7/2/15,20147.45,20262.2,20099.8,20143.15,10669631
7/3/15,20132.25,20353.1,20069.6,20245.1,9177701
7/6/15,20085.05,20399.65,20085.05,20376.7,7342755
7/7/15,20381.6,20439.4,20300.65,20384.4,12388257
7/8/15,20251.05,20396.45,20110.1,20168.55,13913362
7/9/15,20177.4,20279.35,20000.55,20031.75,9558298
7/10/15,20012.5,20046.6,19761.9,19887.95,11246488
7/13/15,19985.65,20189.15,19842.05,20133.4,9152437
7/14/15,20134.3,20229.7,20080.75,20184.45,9242576
7/15/15,20180.6,20306.75,20163.35,20251.45,8308896
7/16/15,20298.05,20511.1,20235.7,20445.8,7365174
7/17/15,20491.85,20631.3,20403.9,20575.85,8971356
7/20/15,20584.65,20635.45,20476.45,20511.4,8549812
7/21/15,20528.9,20578,20095.25,20143.05,14852242
7/22/15,20108.15,20379.2,20071.3,20310.2,10161542
7/23/15,20340.1,20343.35,20178.05,20272.8,8733949
7/24/15,20296.7,20338,20187.4,20303.75,7929249
7/27/15,20208.7,20250.5,20107.3,20151.3,8599975
7/28/15,20152.25,20275.4,20090,20153.5,10545286
7/29/15,20187.05,20201.9,19933.95,19975.95,14238690
7/30/15,20045.05,20605.1,19936.75,20544.05,21889596
7/31/15,20620.95,20968.9,20576.65,20920.45,19706860
8/3/15,20942.8,21124.3,20881.4,20991.5,15908359
8/4/15,21014.45,21051.4,20744.85,20922,15978837
8/5/15,20987.7,21154.55,20884.25,21117.8,14352854
8/6/15,21128.55,21133.5,20847.6,20941.2,15261399
8/7/15,20880.85,20944.85,20823.65,20900.95,8011228
8/10/15,20936.55,21038.8,20731.75,20789.55,8826157
8/11/15,20809.15,20809.15,20583.1,20663.1,9348039
8/12/15,20662.5,20662.5,20267.35,20329.8,13239638
8/13/15,20392.75,20492.4,20231.25,20271.25,9889238
8/14/15,20336.7,20450.5,20180.6,20345.3,10358493
8/17/15,20411.2,20430.95,20238.9,20321.2,6155461
8/18/15,20374.05,20449,20186.65,20283.75,11406426
8/19/15,20261.75,20435.95,20079,20325.75,10527926
8/20/15,20350.9,20878.8,20304.95,20640.25,17167396
8/21/15,20565.05,20758.45,20360.25,20704.55,17899459
8/24/15,20199.6,20393,19629.05,19742.15,22099582
8/25/15,19902.65,20147.1,19354.55,19869.05,28795577
8/26/15,19807.1,19960.55,19634.2,19688,18511329
8/27/15,19999.3,20167.4,19774.8,20097.65,27700702
8/28/15,20311.6,20311.6,20089.3,20173.9,16151071
8/31/15,20141.4,20277.1,20038.4,20111.5,15227157
9/1/15,19961.25,20047.55,19721.65,19762.1,15823579
9/2/15,19924.6,20164.2,19803.65,19855.75,17265845
9/3/15,19882.2,20051.7,19858.75,19906.4,17279539
9/4/15,19886.85,19896.35,19608.6,19671.85,18991223
9/7/15,19665.45,19713.75,19292.1,19356.2,10270045
9/8/15,19385.75,19385.75,19019.55,19174.3,13878176
9/9/15,19359.15,19419.85,19264.4,19306.3,10125331
9/10/15,19166.95,19359.15,19048.25,19306.75,13511258
9/11/15,19410.45,19505.8,19345.5,19412.05,9539184
9/14/15,19454.8,19523.95,19349.55,19496.8,9025447
9/15/15,19501.5,19710.3,19491.1,19681.95,8504109
9/16/15,19786.2,19812.8,19663.65,19727.1,10251400
9/18/15,19881.45,19968.5,19407.6,19497.5,20576894
9/21/15,19416.25,19422.45,19327.45,19353.85,10693607
9/22/15,19440.2,19492.35,19107,19180.1,17785896
9/23/15,18995.75,19384.55,18991.95,19259.6,12983601
9/24/15,19248.35,19517.75,19225.55,19485,18788609
9/28/15,19555.2,19628.7,19387.5,19421.95,9303388
9/29/15,19343.95,19685.9,19298.35,19474,11818249
9/30/15,19636.9,20004.75,19539.7,19956.65,18358992
10/1/15,19970.5,20184.85,19953.45,19998.35,9927098
10/5/15,20105,20248.15,20043.05,20144.65,13699834
10/6/15,20280.1,20697.2,20180.25,20663.85,14741476
10/7/15,20661.05,20767.45,20612.85,20733.45,13469967
10/8/15,20751.4,20751.4,20354.8,20452.8,10185653
10/9/15,20535.4,20670.5,20452.25,20521.05,8365120
10/12/15,20525.45,20666.15,20257.25,20349.5,7787758
10/13/15,20358.9,20482.2,20297.3,20376.4,10080134
10/14/15,20401.5,20435.3,20292.65,20344.25,13279694
10/15/15,20302.6,20533.6,20302.6,20468.15,13583313
10/16/15,20433.7,20472.25,20234.8,20434.9,11070659
10/19/15,20436,20650.7,20324.85,20623.85,13054477
10/20/15,20634.1,20634.25,20497.95,20545.9,11604331
10/21/15,20566.85,20608.55,20494.9,20533.7,7100491
10/23/15,20623.5,20859.25,20623.5,20828.15,11966773
10/26/15,20875.4,20906.6,20776.7,20818.2,10639122
10/27/15,20762.75,20868.3,20710.15,20846.25,16134572
10/28/15,20796.7,20951.5,20773.95,20867.8,13628290
10/29/15,20854.45,20872.8,20531.35,20642.3,14373699
10/30/15,20696.35,20696.35,20056.3,20118.3,24834028
11/2/15,20085.25,20238.75,19946.3,20214.5,11643910
11/3/15,20282.2,20326.6,20153.15,20218.5,7776430
11/4/15,20314.5,20357.1,20211.75,20273.8,12255806
11/5/15,20224.5,20419.55,20171.6,20221.7,13757281
11/6/15,20193.45,20323.25,20185,20251,8369421
11/9/15,19937.05,20552.1,19895.1,20496.15,15203700
11/10/15,20409.6,20532.15,20149.8,20215.8,8695492
11/11/15,20335.55,20355.25,20194,20212.55,1171779
11/13/15,20015,20088.85,19828.45,19896.2,18163248
11/16/15,19879.65,20063.5,19872.35,19986.55,11578188
11/17/15,20152.15,20501.85,20080.85,20469.1,14055342
11/18/15,20537.55,20537.55,20322.6,20411.8,12183650
11/19/15,20523.85,20673.3,20481.65,20642.6,15971095
11/20/15,20690.85,20690.85,20409,20449.8,12480842
11/23/15,20415.45,20467.45,20151.35,20166.5,10722743
11/24/15,20244.45,20295.55,20032.1,20184,13846452
11/26/15,20229.95,20441.65,20210.4,20380.45,14229174
11/27/15,20461.2,20465.95,20227.4,20436.1,9348988
11/30/15,20399.45,20458,20233.35,20278.55,21446251
12/1/15,20404.2,20578.65,20328.5,20560.45,12727023
12/2/15,20575.55,20689.2,20506.2,20665.6,7764386
12/3/15,20540.9,20578.05,20311.6,20346.6,7778053
12/4/15,20235.55,20249.25,20053.65,20087.85,14595596
12/7/15,20080.05,20088.2,19415.3,19534.2,39085384
12/8/15,19430.6,19718.85,19423.3,19518.6,18436838
12/9/15,19672.65,19672.65,19426.15,19448.45,15545290
12/10/15,19487.9,19650.4,19466.35,19624.3,10470347
12/11/15,19635.5,19669.5,19456,19624.15,11285277
12/14/15,19589,19753.05,19494.7,19698.7,10464010
12/15/15,19714,19966.25,19666.45,19941.65,13573728
12/16/15,19991.65,20050.65,19752.6,19790.7,11299770
12/17/15,19775.85,19962.95,19688.3,19940.6,21054652
12/18/15,19972.5,20064.4,19777.85,19813.45,20399737
12/21/15,19944.15,20167.25,19781.5,20134.85,15231353
12/22/15,20088.1,20088.1,19840.2,19904.15,12190517
12/23/15,20008.3,20090.35,19939.9,19983.25,8621382
12/24/15,20077.5,20081.05,19967.15,20057.8,9688521
12/28/15,20037.85,20184.6,20037.85,20152.75,10558482
12/29/15,20175.75,20232.85,20018.15,20053.8,8223936
12/30/15,20114.4,20126.1,20017.1,20068.55,10473663
12/31/15,20064.4,20245.4,19993.5,20192.65,14142210
1/1/16,20181.5,20258.05,20118.15,20184.95,3257282
1/4/16,20112,20145.75,19981.5,20087.8,7816364
1/5/16,20087.35,20141.6,19994.5,20047.45,9930543
1/6/16,20120.5,20120.5,19665.6,19689.45,16727060
1/7/16,19600.45,19600.45,19235.95,19261.55,15359281
1/8/16,19337.75,19497.15,19312.55,19359.25,12595103
1/11/16,19203.9,19373.55,19119.7,19329.65,12315022
1/12/16,19320.85,19386.1,19236.1,19340.55,11232866
1/13/16,19433.8,19547.05,19214.5,19414.7,12492336
1/14/16,19290.65,19530.45,19199.2,19438.15,14106418
1/15/16,19397.45,19427,19044.5,19095.45,12752574
1/18/16,19040.35,19156.15,18967.7,19006.8,16497382
1/19/16,19019.2,19172.15,18976.65,19041.2,10028460
1/20/16,18877.7,18928,18560.5,18758.35,14812940
1/21/16,18880.5,18880.5,18433.5,18468.35,17848614
1/22/16,18621.15,18707.5,18416.6,18555.45,19754689
1/25/16,18489.1,18707.55,18452.7,18567.95,12467362
1/27/16,18591.15,18664.7,18472.05,18584.8,16466789
1/28/16,18574.6,19021.35,18553.05,18899.5,20541108
1/29/16,19044.6,19198.3,19027.05,19132.65,17991401
2/1/16,19133.1,19300.45,19005.7,19283.35,13629668
2/2/16,19301.3,19370.6,19146.75,19194.25,11229638
2/3/16,19069.05,19326.75,19032.7,19204.7,11865007
2/4/16,19299.05,19379.2,19201.75,19275.4,10362504
2/5/16,19295.45,19514.6,19294.35,19465.4,13695275
2/8/16,19532.5,19532.5,19146,19184.6,10653261
2/9/16,19086.5,19159,18933.8,19007.25,13248816
2/10/16,19019,19037.3,18719.55,18791.65,12355495
2/11/16,18834.45,18834.45,18183.55,18227.25,21588600
2/12/16,18259.25,18433.75,18205.9,18328.35,19648176
2/15/16,18515.35,18615.05,18337.95,18510,17463479
2/16/16,18509.6,18542.8,18051.75,18123.3,13430000
2/17/16,18158.2,18360,17770.9,18300.5,15087908
2/18/16,18413.45,18620.95,18408.2,18579.35,13250691
2/19/16,18613.25,18613.25,18402.95,18574.15,12086546
2/22/16,18526.4,18672.45,18287.4,18657.3,18114085
2/23/16,18594.45,18594.45,18285.3,18329.6,11810766
2/24/16,18300.65,18355.4,18008.3,18099.25,14968364
2/25/16,18020.35,18210.7,18012.5,18094.75,26684285
2/26/16,18258.75,18369.9,18087.05,18306.6,16068522
2/29/16,18295.4,18580.3,17406.9,18331.6,59158260
3/1/16,18630.55,19378.9,18630.55,19317,51885535
3/2/16,19455,19666.3,19233.55,19260.4,24597437
3/3/16,19412.2,19453.05,19166.5,19208.7,14893383
3/4/16,19277.45,19348.7,19097.7,19144.95,14653390
3/8/16,19147.9,19409.45,19126.8,19214,16046829
3/9/16,19085.65,19279.7,18960.5,19248.55,21674050
3/10/16,19236.7,19300.75,18919.75,19066.05,15351563
3/11/16,19082.2,19384.95,19060.55,19354.4,17884301
3/14/16,19451.25,19583.75,19428.65,19535.15,13740459
3/15/16,19551.75,19551.75,19083.35,19136.45,18821353
3/16/16,19149.2,19378.35,19132.95,19336.8,14929055
3/17/16,19434.05,19503.55,19366.35,19445.2,20821835
3/18/16,19513.75,19602.3,19368.45,19555.3,19108905
3/21/16,19593.55,19960.25,19593.55,19928.45,19526145
3/22/16,19827.2,19889.85,19533.9,19609,22230057
3/23/16,19662.45,19662.65,19463.05,19629.65,16862650
3/28/16,19720.6,19785.3,19425.45,19462.8,19023984
3/29/16,19392.05,19634.15,19352,19375.45,20255025
3/30/16,19431.45,19744.2,19431.45,19690.95,18742136
3/31/16,19626,19891.6,19609.35,19764.15,30164378
4/1/16,19672.25,20026.35,19672.25,19992.1,15830554
4/4/16,19727.4,19948.5,19727.4,19890.6,13478057
4/5/16,19788.5,19831.1,19591.35,19635.4,11814273
4/6/16,19662.8,19725.9,19605.35,19657.55,11579526
4/7/16,19695.8,19695.8,19345.55,19384.05,12095927
4/8/16,19388.1,19489.3,19364.7,19451.7,7972081
4/11/16,19477.6,19683.15,19219.9,19651.25,14736915
4/12/16,19604.75,19650.45,19499.25,19606.6,10428646
4/13/16,19722.9,20082.6,19712.1,20045.2,16928860
4/18/16,20172.55,20306.65,20047.9,20253.95,16089404
4/20/16,20252.85,20349.05,20123.4,20246.6,13499104
4/21/16,20268.55,20300.2,19965.75,20071.1,10025495
4/22/16,19930.85,20111.45,19834.95,19876.5,9896731
4/25/16,19711.85,19860.7,19652.55,19715.65,9559920
4/26/16,19464.3,19933.7,19464.3,19890.55,16199418
4/27/16,19852.5,20165.3,19852.5,20141.55,12627872
4/28/16,20058.95,20088.3,19629.6,19667.6,31921680
4/29/16,19693.85,19800.7,19549.1,19737.7,18117228
5/2/16,19687.55,19752.4,19557.85,19728.4,10712912
5/3/16,19755.75,19810.2,19403.6,19478.35,17920851
5/4/16,19426.05,19548.55,19221.65,19295.85,12062410
5/5/16,19317.25,19577.5,19298.2,19466.3,10351419
5/6/16,19323.5,19588.95,19124.6,19521.95,16862203
5/9/16,19610.5,19885.4,19608.7,19752.65,15159314
5/10/16,19770.6,19879.2,19736.75,19836.7,12829395
5/11/16,19637.05,19789.55,19580.75,19726.9,12740837
5/12/16,19754.4,19848.3,19618.6,19748.7,9000328
5/13/16,19722.6,19752.8,19564.35,19667.7,14296631
5/16/16,19650.35,19995.4,19520.3,19977.1,15786849
5/17/16,20032.6,20085.5,19892.15,19960.9,13754289
5/18/16,19846.1,20011.15,19729.95,19963.9,11190297
5/19/16,20023.9,20023.9,19565.4,19612.85,13241228
5/20/16,19710.7,19909.15,19538.75,19705,19147725
5/23/16,20312.05,20414,19947.55,20179.05,41714310
5/24/16,20214.6,20297.75,20138.7,20225.4,27323442
5/25/16,20344.5,20678.9,20331.3,20639.8,15014623
5/26/16,20650.8,20971.95,20559.95,20920.65,18649728
5/27/16,20934.35,21022.4,20764.5,20907.55,14857153
5/30/16,20745.35,20874.55,20726.3,20807.05,11210735
5/31/16,20810.45,20884.55,20458.45,20521.65,37354723
6/1/16,20618.15,20907.45,20618.15,20886.6,13756654
6/2/16,20847.6,20963.75,20631.2,20919.45,18374446
6/3/16,21008.1,21036.2,20844.7,20912.5,14849019
6/6/16,20922.3,20970.8,20851.95,20888,13191353
6/7/16,20971.75,21261.5,20961.75,21214.6,14945618
6/8/16,21250.85,21310.75,21133.5,21225.6,12436540
6/9/16,21245,21245,20806.9,20833.7,15105710
6/10/16,20812.1,21029.8,20688.8,20704.5,13415393
6/13/16,20575.55,20777.55,20489.8,20649,17225593
6/14/16,20674.3,20738.35,20599.1,20717.95,11765717
6/15/16,20772.3,20974.7,20749,20956.1,14341429
6/16/16,20949.6,20949.6,20658,20868.1,12489392
6/17/16,20921.9,21079.25,20900.3,21044.6,13080450
6/20/16,21004,21110.6,20816.05,21010.55,10780723
6/21/16,20975.55,21052.05,20910.3,20996.75,10737053
6/22/16,20887.85,21011.05,20776.7,20877.6,12767894
6/23/16,20895.55,21112.4,20880.45,21065.45,11359062
6/24/16,20682.7,20822.5,20546.65,20789.95,16983373
6/27/16,20803.9,21107.45,20803.9,20999.25,13476252
6/28/16,21065,21445.45,21041.75,21433.5,19269320
6/29/16,21515.4,21534.25,21298.75,21400.65,17999077
6/30/16,21519.9,21703.55,21484.3,21608.45,28404187
7/1/16,21517.7,22197.75,21517.7,22025.4,38906621
7/4/16,22140.75,22141.4,21655.45,21699.35,20530599
7/5/16,21755.5,21791,21592.15,21697.65,14686116
7/7/16,21750.15,22000.75,21704.35,21924.15,20491125
7/8/16,21963.45,21963.45,21717.9,21856.6,14516303
7/11/16,22018.75,22199.4,21971.25,22078.35,14596333
7/12/16,22174.75,22213.3,21926.55,21996.85,10237335
7/13/16,22005.9,22021.1,21844.05,21932.8,12645252
7/14/16,21959.4,22083.3,21845.65,22020.85,12041304
7/15/16,22050.15,22289.2,21980.65,22031.35,15503170
7/18/16,22065,22109.2,21910.65,21973.5,15431648
7/19/16,21919,21943.65,21696.1,21838.45,18561997
7/20/16,21868.35,22021.95,21815.5,21957.35,16311579
7/21/16,22103,22115.6,21821.25,21999.3,17810282
7/22/16,22129.95,22278.15,21812.7,22000.45,22770464
7/25/16,21994.15,22164.85,21952.8,22139,16135059
7/26/16,22141.4,22183.95,22000.75,22059.65,12810091
7/27/16,22043,22158.35,21833.05,21904.15,23653103
7/28/16,22008.6,22359.45,21949.3,22290.85,26313759
7/29/16,22279.6,22377.5,22174,22228.85,21273752
8/1/16,22267.15,22409.05,22052.2,22136.9,17058390
8/2/16,22193.95,22692.1,22189.75,22638.85,25878993
8/3/16,22639.95,22639.95,22022.45,22084.55,19164155
8/4/16,22225.35,22272.9,21987.05,22072.35,16744232
8/5/16,22106.3,22293.45,22050.7,22151.9,12413103
8/8/16,22195.45,22296.45,22132,22200.4,21610327
8/9/16,22214.45,22214.45,21880.35,22014.4,24416287
8/10/16,22038.5,22048.2,21789,21829.8,14593772
8/11/16,21866.3,22311.8,21860.55,22235.15,19219525
8/12/16,22204.2,22493.35,22204.2,22397.4,15427467
8/16/16,22426,22587.4,22338.45,22396,23354314
8/17/16,22378.9,22502.6,22275.2,22342.85,14654562
8/18/16,22370.75,22424.85,22223.2,22262.1,12822651
8/19/16,22289.05,22318.55,22174.35,22234.75,13635305
8/22/16,22277,22435.55,22277,22388.2,10448873
8/23/16,22400.1,22415.5,22128.65,22176.1,13476971
8/24/16,22173.7,22217.6,22076.65,22193.85,12881253
8/25/16,22304.45,22425.05,22212.8,22283.2,24283906
8/26/16,22316.45,22359.85,22159.85,22252.65,10880678
8/29/16,22221.35,22257.7,22085.75,22192.8,10140047
8/30/16,22254.1,22580.45,22254.1,22546.95,14473160
8/31/16,22589.7,22667.2,22505.8,22609.3,22422631
9/1/16,22666.85,22833.45,22594.65,22715.55,14584491
9/2/16,22760.15,22830.3,22678.15,22789.3,15969293
9/6/16,22817.95,23015.95,22782.6,22972.8,18114028
9/7/16,23021.25,23090.25,22965.15,23008.2,14726579
9/8/16,23036.7,23219.3,23027.9,23186.15,15182508
9/9/16,23105.2,23165.3,22687.45,22703.7,14960895
9/12/16,22467.9,22522.4,22267.05,22291.25,13762948
9/14/16,22233.4,22396.95,22217.5,22326.7,19229192
9/15/16,22366.2,22630.95,22364.2,22526.6,13256420
9/16/16,22559.15,22883.25,22533.5,22762.5,25328377
9/19/16,22841.7,22904.3,22619.5,22668.35,13761900
9/20/16,22687.5,22693.35,22419.45,22487.2,18197239
9/21/16,22487.5,22591.95,22307.15,22343.05,17820360
9/22/16,22473,22571.2,22310.35,22401.75,15422100
9/23/16,22392.1,22462.15,22219.5,22315.75,16872419
9/26/16,22303.6,22316.4,21953.45,21977.1,18746811
9/27/16,22027.65,22074.45,21843.25,21913.15,14854097
9/28/16,21980.85,22049.75,21854.9,21917.1,20251786
9/29/16,22024.9,22067.4,21445.5,21661.2,35094143
9/30/16,21668.35,21730.5,21465.3,21542.05,22196192
10/3/16,21733.75,21767.75,21586.3,21729.45,17422476
10/4/16,21802.9,21851.15,21669.5,21709.85,18024258
10/5/16,21772.2,21854.1,21665.65,21736.8,25960120
10/6/16,21869.6,21878.55,21553.2,21659.5,22255183
10/7/16,21713.25,21811.9,21553.95,21638.65,14713281
10/10/16,21797.9,21847.1,21649.6,21672.55,10703606
10/13/16,21638,21695.35,21340.1,21454.9,21607426
10/14/16,21441.45,21485.5,21348.15,21423,18793558
10/17/16,21447.7,21486.6,21341.7,21415.5,14108927
10/18/16,21451.3,21781.85,21427.95,21749.1,19229268
10/19/16,21751.45,21752.5,21402.25,21449.65,20166924
10/20/16,21534.35,21589.35,21387.4,21424.55,12299275
10/21/16,21426,21564.8,21388.35,21546.8,16791131
10/24/16,21589.1,21611.6,21499.85,21569.95,16785506
10/25/16,21632.05,21632.05,21356.6,21387.55,13757784
10/26/16,21422.2,21484.6,21086.6,21338.4,43750156
10/27/16,21441.8,21542.9,21300.3,21450,40327224
10/28/16,21540.4,21573.9,21313.65,21547.95,18772337
10/30/16,21620.35,21630.75,21446.3,21481.95,1578205
11/1/16,21529.75,21543.15,21324.8,21370.4,13977433
11/2/16,21189.15,21314.1,21084.4,21195.9,13578850
11/3/16,21159.1,21370.2,21097.4,21261.75,19216493
11/4/16,21844.7,22113.55,21549.15,21658.95,51216066
11/7/16,21924.85,22100.7,21600.2,21916.5,35898301
11/8/16,21944.6,21986.9,21691.8,21902.85,19143461
11/9/16,20734.8,21608.8,20661.2,21414.35,40669526
11/10/16,21774.85,21785.5,21405.4,21561.1,19790749
11/11/16,21351.5,21351.5,20753.9,20825.9,24846509
11/15/16,20814.3,20814.3,20217.6,20307.95,35819747
11/16/16,20402.35,20494.45,19995.4,20126.1,44019425
11/17/16,20010.5,20292.25,19990.65,20154,15971196
11/18/16,20098.8,20145.6,19917.65,19959.9,15353592
11/21/16,19983.8,20005.6,19659.4,19701.25,15562815
11/22/16,19797.45,20051.55,19699.45,19934.3,20680439
11/23/16,20023.3,20056.55,19803.7,19976.1,18591736
11/24/16,19973.1,19980.65,19770.4,19851.7,28633891
11/25/16,19940.6,20229,19844.1,20157.15,12438684
11/28/16,20131.3,20461.25,20078.7,20426.05,16990896
11/29/16,20411.65,20539.8,20275.3,20306.6,16863986
11/30/16,20386.95,20622.3,20253.2,20487.9,27463284
12/1/16,20523.4,20671.1,20436.65,20554.7,11652459
12/2/16,20487.15,20487.15,20145.1,20179.85,14833586
12/5/16,20224.7,20519.5,20181.3,20478.8,10897534
12/6/16,20507.8,20509.15,20243,20293.2,11072811
12/7/16,20371.05,20384.1,20096.9,20137.35,12791135
12/8/16,20274.35,20602.55,20249.95,20510.25,13961533
12/9/16,20528.6,20756.85,20456.6,20622.4,13585918
12/12/16,20538.9,20547.45,20292.1,20319.7,7232918
12/13/16,20453.55,20546.5,20295.85,20491.65,13492097
12/14/16,20520.85,20547,20260.75,20313.55,10672291
12/15/16,20219,20391,20057.1,20136.05,11546858
12/16/16,20196.25,20196.25,19955.05,19982.6,19040160
12/19/16,19950.4,20039.95,19920.75,19957.2,9864811
12/20/16,20014.8,20083.35,19967.75,20039.05,10317297
12/21/16,20023.05,20065.55,19786.65,19809.7,17786994
12/22/16,19755.05,19813.95,19664.15,19750.25,12618300
12/23/16,19736.6,19750.45,19512,19592.85,15960544
12/26/16,19591.3,19667.65,19457.25,19624.45,13560502
12/27/16,19671.9,20193.7,19579.45,20150.25,20157196
12/28/16,20109.9,20404.9,20109.9,20279,19499054
12/29/16,20270.4,20452.55,20120.65,20400.75,20222670
12/30/16,20492.25,20805.9,20444.8,20754.1,15713271
1/2/17,20793.35,20793.35,20574.7,20710.35,8577699
1/3/17,20719.6,20962.55,20620.05,20864.15,11394806
1/4/17,20862.15,21014.6,20676.75,20935.25,16645373
1/5/17,20927.55,21108.75,20912.6,21070.5,13984660
1/6/17,21085.65,21230.45,20839.8,20867.1,16311856
1/9/17,20906.5,21021.1,20842.8,20987.25,8081970
1/10/17,21019.65,21207.2,21010.35,21157.75,17177190
1/11/17,21210.65,21290.25,21119.2,21194.55,13121460
1/12/17,21227.2,21227.2,20953.55,20988.05,11540326
1/13/17,21081.8,21297.4,20910.35,21232.95,11714589
1/16/17,21214.7,21280.6,21098.55,21197.7,7845010
1/17/17,21203.45,21466.05,21199.75,21442.95,11641685
1/18/17,21446.45,21685,21439.7,21529.55,17123218
1/19/17,21490.45,21698.8,21471.3,21634.15,16348609
1/20/17,21623.9,21723.35,21596.6,21641.05,17540558
1/23/17,21613.85,21898.5,21612.45,21873.8,17684209
1/24/17,21871.3,21934.9,21716.5,21908.4,15494356
1/25/17,21903.4,22260.8,21888.8,22206.25,26504811
1/27/17,22135.35,22312.2,21744.7,21798.2,32213708
1/30/17,21851.2,21997.1,21747.65,21786.3,14150550
1/31/17,21812.45,21949.65,21725.95,21832.65,18509740
2/1/17,21930.65,22519.25,21845,22496.7,42320298
2/2/17,22582.8,22980.25,22436.35,22696.2,49966273
2/3/17,22686.95,22765.65,22494.75,22645.15,19821151
2/6/17,22758.65,22993.7,22726.15,22904.4,21486918
2/7/17,23015.5,23602,22817.4,22877.75,37965642
2/8/17,22832.05,22945.5,22605.7,22766.25,18729617
2/9/17,22834,22924.2,22589.6,22874.95,11878856
2/10/17,22921.5,22961.05,22608.2,22709.3,14320214
2/13/17,22839.7,22880.65,22479.9,22649,15629210
2/14/17,22633.1,22776.4,22512.2,22596.05,13364405
2/15/17,22616.7,22821.35,22573.35,22674.4,13737115
2/16/17,22547.75,22602.35,22334.75,22379.7,21205174
2/17/17,22434.5,22482.85,22236.2,22445.8,14729319
2/20/17,22388.45,22477.5,22386.05,22439.65,12102647
2/21/17,22443.05,22487.5,22232.6,22450.55,19326959
2/22/17,22537.85,22593.75,22338.55,22426.4,17407801
2/23/17,22479.85,22557.4,22327.65,22434.75,22891722
2/27/17,22435.7,22471.3,22081.2,22419.6,13124206
2/28/17,22358.25,22430.8,22278.25,22338.2,17631727
3/1/17,22378.35,22716.55,22366.7,22650.85,25234678
3/2/17,22688.55,22777.4,22350.5,22417.3,21710542
3/3/17,22294.15,22361.75,22097.95,22280.7,17686683
3/6/17,22354.75,22435.25,22280.1,22392.3,16280265
3/7/17,22417.45,22450.95,22251.4,22393.1,11875337
3/8/17,22400.2,22430.25,22296.9,22365.2,11324415
3/9/17,22440.7,22449.8,22259.3,22392,14472805
3/10/17,22405.05,22441.45,22287.95,22341.75,13828720
3/14/17,22567.35,22825.2,22566.15,22743.75,28587976
3/15/17,22662.1,22910.05,22662.1,22793.15,22270293
3/16/17,22930.85,22986.05,22806.75,22905.45,21367535
3/17/17,23293.6,23843.9,23293.6,23491.25,65389304
3/20/17,23577.6,23605.65,23336.7,23500.25,24661847
3/21/17,23567.2,23848.95,23513.3,23796.65,21893904
3/22/17,23573.85,23756,23332.95,23390.75,22090403
3/23/17,23288.3,23554.7,23212.3,23335.3,29139093
3/24/17,23393.7,23552.5,23390.8,23455.1,14203748
3/27/17,23435.9,23540.05,23251.7,23444.05,23025591
3/28/17,23467,23516.25,23406.65,23467.7,13441088
3/29/17,23474.35,23698.85,23467.85,23672.5,17140086
3/30/17,23711.8,23776.65,23536.7,23671,28875480
3/31/17,23596.4,23676,23460.3,23542.3,17360253
4/3/17,23641.25,23717.5,23426.25,23639.6,16545054
4/5/17,23714.65,23728.35,23483.8,23583.7,20014170
4/6/17,23530.35,23561.45,23278.95,23349,24420256
4/7/17,23257.25,23333.35,23171.25,23235.55,16043352
4/10/17,23338,23341.55,23206.65,23264.75,14908551
4/11/17,23224,23682.4,23154.9,23651.75,18446348
4/12/17,23612.5,23794.8,23478.65,23670.2,17183325
4/13/17,23678,23682.1,23423.6,23507.9,10194939
4/17/17,23399.7,23644.8,23345.95,23459.9,8970659
4/18/17,23521.2,23723.05,23322.55,23382.95,10594141
4/19/17,23486.6,23509.85,23354.7,23387.15,9820168
4/20/17,23457.25,23552.75,23389.25,23495.15,11663907
4/21/17,23637,23637,23145.6,23229.8,14559732
4/24/17,23346.9,23390.55,23084.8,23344.65,12058743
4/25/17,23427.45,23806.4,23242.95,23764.85,19135595
4/26/17,23882.65,24388.6,23824.05,24304.3,31525111
4/27/17,24329.7,24366.85,23996.4,24067,22844594
4/28/17,24056.3,24094.05,23622.85,23675.4,21244268
5/2/17,23764.25,23807.6,23574.9,23755.1,21430462
5/3/17,23825.85,23826.15,23566.65,23683.8,16261666
5/4/17,23703.55,23990.85,23668.5,23951.8,16831540
5/5/17,23923.35,23933.35,23609.25,23630.45,12975110
5/8/17,23685.25,23728.95,23422.65,23442.2,18343204
5/9/17,23495.45,23625.7,23386.5,23527.85,15679490
5/10/17,23585.25,23995.15,23572.65,23954.35,16545016
5/11/17,24035.9,24169.85,23956.55,24025.85,20996573
5/12/17,24063.15,24067.2,23864.45,23966.95,10985862
5/15/17,24028.45,24189.45,24015.3,24119.45,14773590
5/16/17,24137.55,24412.9,24065.35,24370.55,24861009
5/17/17,24399.3,24410.2,24132.65,24266.75,24074864
5/18/17,24082.15,24204.2,23812.15,23864,17541639
5/19/17,24202.6,24922.5,24184.75,24352.9,48630642
5/22/17,24707.5,25279.9,24654.3,25230,44756886
5/23/17,25188.35,25232.75,24961.2,25002.35,35435916
5/24/17,25024.45,25103.5,24881.35,24986.5,17836394
5/25/17,25030.4,25223.85,24818.4,25056.65,34432509
5/26/17,25150.9,25711.15,25071.45,25507.55,28182758
5/29/17,25288.15,26080.8,25264,25948.05,29414882
5/30/17,25786.55,25879.25,25608.15,25783.4,23122345
5/31/17,25801.65,25945.65,25602.75,25841.8,29537606
6/1/17,25857.35,26269.5,25790.6,26165.75,22936852
6/2/17,26306.65,26429.2,26105,26401.7,24192991
6/5/17,26233.65,26482.95,26164,26430.65,17130845
6/6/17,26436,26514.55,25968.5,26058.9,17523604
6/7/17,26137.3,26366.35,26067.85,26230.2,20032033
6/8/17,26285.15,26317.7,26128.2,26183.35,15109064
6/9/17,26151.45,26252.25,25858.55,25941.45,17558023
6/12/17,25986.45,26009.9,25725.65,25864.85,12501848
6/13/17,25907.25,25978.1,25791.65,25942.25,17352835
6/14/17,25963.75,26007,25672.05,25744.6,26051298
6/15/17,25902.65,25903.8,25675.35,25753.35,15394789
6/16/17,25789.3,26040.75,25779.15,25914.3,19887277
6/19/17,26056.8,26196.25,26018.05,26126.15,13689531
6/20/17,26207.05,26220.05,26018.4,26055.55,14388714
6/21/17,26097.15,26318.35,26005.35,26256.75,17648188
6/22/17,26236.4,26349.8,26096.65,26187.7,16310924
6/23/17,26136.05,26276.05,25975.7,26163.85,15397912
6/27/17,26209.75,26491.1,26117.6,26188.3,18516477
6/28/17,26172.75,26172.75,25906.45,25981.9,18737226
6/29/17,26069.05,26249.65,26048.55,26143.65,19705035
6/30/17,26070.7,26818.45,26056.4,26752.05,30420728
7/3/17,27835.35,28267.5,27574.3,27787.2,61283914
7/4/17,27859.95,27896.95,27505.9,27547.5,22316754
7/5/17,27569.5,27590.55,27315.15,27349.4,23095504
7/6/17,27510,27669.4,27309.2,27581.7,25672812
7/7/17,27614.8,27626.4,27370.85,27465.85,23944910
7/10/17,27422.15,29037.85,27048.7,27474.5,6952598
7/11/17,27591.5,27591.5,27335.1,27361.6,28365670
7/12/17,27297.65,27613.65,27293.35,27425.85,27217143
7/13/17,27614.4,27977.95,27568.85,27918.65,28287634
7/14/17,27995.9,27996.3,27734.35,27864.45,14739800
7/17/17,27768.7,27772.35,27190.55,27391.65,37612161
7/18/17,25885.7,25885.7,25161.15,25547.6,165313176
7/19/17,25839.7,25953.05,25641.65,25915.75,54700532
7/20/17,26048.6,26093.9,25666.1,25762.95,24457146
7/21/17,25898.65,25899.5,25638.4,25795.6,24495160
7/24/17,25865.3,26109.05,25763.85,26033.45,25749082
7/25/17,26117.85,26128.8,25897.6,25925,19070908
7/26/17,25983.7,26121.85,25912.9,26099.5,19723443
7/27/17,26173.4,26276.1,25877.1,25970.45,32534172
7/28/17,26211.25,26223.25,25764.65,26033.95,27520104
7/31/17,26009.05,26022.8,25680.3,25744.35,29575588
8/1/17,25705.75,25822.35,25651.35,25781.5,29193702
8/2/17,25864.5,25875.3,25448.1,25531.1,22250367
8/3/17,25485.75,25618.35,25336.1,25483.55,28981114
8/4/17,25389.15,25635.9,25370.95,25551.1,23473010
8/7/17,25549.25,25713.05,25470,25608.55,19917835
8/8/17,25619.3,25710.5,25220.4,25306.05,24275201
8/9/17,25291,25291.5,25029.3,25102.8,19078234
8/10/17,25015.4,25117.45,24875.75,24969.25,20351293
8/11/17,24739.95,24959.6,24665.45,24762.55,27501558
8/14/17,24940.85,24986.8,24810,24908.4,24679731
8/16/17,24984.9,25615.55,24951.6,25534.8,56162236
8/17/17,25680.85,25680.85,25427.7,25511.35,30098617
8/18/17,25397.95,25751.25,25387.3,25718.7,30588693
8/21/17,25758.75,25877.25,25567.55,25598.75,33650012
8/22/17,25708.1,25769.4,25541.4,25604.75,25479304
8/23/17,25652.15,25717.55,25538.95,25595.95,23479189
8/24/17,25607.9,25676.3,25544.35,25555,21482464
8/28/17,25614.2,25789.6,25488.55,25761.9,19854677
8/29/17,25728.85,25728.85,25445.55,25529.5,17214916
8/30/17,25634.7,25800.6,25609.75,25757.85,18832152
8/31/17,25818.5,25884.45,25619.95,25834.9,27848081
9/1/17,25835.25,25975.65,25756.95,25906.75,16090221
9/4/17,25888.8,25888.8,25692.1,25761.4,17228618
9/5/17,25763.35,25890.65,25719.9,25818.9,16034478
9/6/17,25664.1,25721,25439.3,25473.1,34018170
9/7/17,25567.3,25639.7,25276.55,25309.25,30230520
9/8/17,25360.4,25495.15,25303.8,25408.85,22188078
9/11/17,25434.25,25622.05,25430.2,25550.45,17747576
9/12/17,25692.35,25934.85,25662.9,25913.2,23437051
9/13/17,25904.9,25918.2,25595.35,25632.35,25921879
9/14/17,25729.95,25742.85,25561.75,25628.25,17129562
9/15/17,25590.15,25647.3,25453.05,25505.95,22759874
9/18/17,25622.2,25709,25550.15,25578.35,17334066
9/19/17,25648.9,25783.45,25485.4,25648.4,49533524
9/20/17,25744.65,25751,25615.35,25698.55,17500571
9/21/17,25725,25743.4,25369.1,25489.7,15969589
9/22/17,25447.3,25447.3,25155.7,25220.35,15964228
9/25/17,25255.5,25289.45,24867.95,24980.7,28575538
9/26/17,25093.4,25095.25,24707.3,24872.1,22449922
9/27/17,25046.6,25063.45,24458.65,24556.1,28248706
9/28/17,24664,24811.35,24590.55,24724.65,36341478
9/29/17,24834.05,24838.6,24427.3,24480.8,23382308
10/3/17,24764.9,24806.45,24547.35,24747.55,20016612
10/4/17,24910.4,25184.3,24840.45,25105.45,19552162
10/5/17,25156.25,25247.1,24965.4,25010.4,15819931
10/6/17,25066.55,25160.8,25007,25130.6,17660764
10/9/17,25271.4,25315.25,25151.45,25286.35,12973728
10/10/17,25294.5,25339.15,25141.1,25204.85,13039195
10/11/17,25269.95,25315.1,25078.5,25187.5,21836109
10/12/17,25215.9,25575.95,25146.25,25473.6,20174847
10/13/17,25443.8,25483.95,25331.05,25434.85,20709298
10/16/17,25481,25734.95,25458.2,25607.6,20240105
10/17/17,25643.05,25651.25,25517.45,25620.95,19900029
10/18/17,25654.75,25709.4,25512.45,25684.05,17229934
10/19/17,25745.3,25747.65,25515.45,25580,2347771
10/23/17,25636.85,25810.6,25331.1,25419.2,17391195
10/24/17,25542.05,25567.3,25418.05,25503,17340844
10/25/17,25632.25,25711.55,25570.75,25638.2,16005797
10/26/17,25758,25758,25504,25644.2,28546169
10/27/17,25817.35,26128.2,25721.2,25814.7,45935661
10/30/17,25837.15,25947.6,25608.1,25637.6,40059666
10/31/17,25746.95,25750.7,25570.75,25687.7,22388937
11/1/17,25784.5,26152.5,25771.55,26083.75,25020585
11/2/17,26090.8,26112.4,25795.15,25823.9,23646276
11/3/17,25939,25939.05,25738.8,25790.5,13690092
11/6/17,25829,25994.55,25801.1,25821.9,21088579
11/7/17,25872.2,25946.45,25687.8,25760.95,20169833
11/8/17,25793.9,25863.15,25694.7,25741.35,15267916
11/9/17,25905.1,26030.4,25558,25726.15,38981807
11/10/17,25775.6,26010.2,25706.35,25920.55,30816192
11/13/17,26015.65,26069.5,25611.25,25664.4,16373643
11/14/17,25721.15,25798.45,25536.75,25579.5,31150470
11/15/17,25564.45,25597.2,25166.2,25273.75,42626487
11/16/17,25377.9,25585.55,25200.7,25544.3,23396394
11/17/17,25682,25845.85,25682,25749,23519406
11/20/17,25791.45,25914.25,25658.65,25855.35,25860313